{"cameraMode":{"drawMode":0,"name":"Shaded","section":"Shading Mode"},"sceneLighting":false,"audioPlay":false,"sceneViewState":{"m_AlwaysRefresh":false,"showFog":true,"showSkybox":false,"showFlares":true,"showImageEffects":true,"showParticleSystems":true,"showVisualEffectGraphs":true,"m_FxEnabled":true},"in2DMode":false,"pivot":{"x":-0.0001806691288948059,"y":0.09234614670276642,"z":0.14308297634124757},"rotation":{"x":0.014836191199719906,"y":-0.8993628025054932,"z":0.030820677056908609,"w":0.43611380457878115},"size":0.3828660845756531,"orthographic":false}