{"cameraMode":{"drawMode":0,"name":"Shaded","section":"Shading Mode"},"sceneLighting":true,"audioPlay":false,"sceneViewState":{"m_AlwaysRefresh":false,"showFog":true,"showSkybox":true,"showFlares":true,"showImageEffects":true,"showParticleSystems":true,"showVisualEffectGraphs":true,"m_FxEnabled":true},"in2DMode":false,"pivot":{"x":-0.22046618163585664,"y":2.5898919105529787,"z":7.20923376083374},"rotation":{"x":0.14927434921264649,"y":0.04982350766658783,"z":-0.007584680337458849,"w":0.9877150058746338},"size":0.010205025784671307,"orthographic":false}