{"cameraMode":{"drawMode":0,"name":"Shaded","section":"Shading Mode"},"sceneLighting":true,"audioPlay":false,"sceneViewState":{"m_AlwaysRefresh":false,"showFog":true,"showSkybox":true,"showFlares":true,"showImageEffects":true,"showParticleSystems":true,"showVisualEffectGraphs":true,"m_FxEnabled":true},"in2DMode":false,"pivot":{"x":1.0964479446411133,"y":2.1315135955810549,"z":-1.9607572555541993},"rotation":{"x":0.05795421451330185,"y":-0.9188860058784485,"z":0.14735540747642518,"w":0.36138632893562319},"size":3.2397878170013429,"orthographic":false}